id,name,display_name,truncated_name,Audience size/scale,cadent_id,fw_id,ttd_id
8,Active_Banking_Consumer_1_Cadent,Active Banking Consumer,FN-ActvBanker,,8084,695085,6877529348
9,Active Families_0_Cadent,Active Families,DM-ActvFam,,6874,686868,6877534494
10,Adventure_Seeker_1.6,Adventure Seeker,LI-Adventure,,8437,696658,6877559714
11,African American_1.5_Cadent,African American,DM-AA,,6460,628929,6877641912
12,Alcohol Consumers_1_Cadent,Alcohol Consumers,GR-Alcohol,,6461,628931,6877630077
13,Shops at Aldi_1.5_Cadent,Aldi Shoppers,GR-Aldi,,13637,768749,6877564591
14,Appliance_Intender_2,Appliance Intender,FU-Appliance,,7553,690181,6877626904
15,Ashley_Furniture_Intender_225_Cadent,Ashley Furniture Shopper,FU-AshleyFI,,7848,693559,6877577631
16,Asian_1.1_Cadent,Asian,DM-Asian,,6464,628943,6877637479
17,Asian Make Auto Intender_1_Cadent,Asian Make Auto Intender,AT-Asian,,6884,686870,6877583743
18,Auto Enthusiast_1_Cadent,Auto Enthusiast,AT-Auto,,8157,695180,6877599601
19,Auto Loan Intender_1_Cadent,Auto Loan Intender,AT-AutoLoan,,14102,771094,6877594744
20,Intent Auto Buyers_0_Cadent,Auto Purchase Intender,AT-PurInt,,6637,686307,6877572768
21,Auto_Owner_All_Vehicle_Type_1_Cadent,Automobile Owner (all types),AT-Auto,,6516,629066,6877605748
22,B2B Decision Makers_.95_Cadent,B2B Decision Makers,BS-B2BDecMkr,,13502,768130,6877633647
23,Baby Formula Shoppers_1.65_Cadent,Baby Formula Shoppers,GR-Baby,,13058,764034,6877588599
24,Back to School Shoppers_1.25_Cadent,Back to School Shoppers,IM-Back,,16269,1098473,6877644354
25,Beer Drinkers_1.5_Cadent,Beer Drinkers,GR-Beer,,6920,687041,6877621613
26,Bilingual_Spanish_.75_Cadent,Bilingual (English-Spanish),DM-Bilingual,,7270,688407,6877610606
27,Boat Owners_1.5_Cadent,Boat Owners,AT-Boat,,10315,735407,6877616755
28,Bollywood_Indian_Music_Enthusiasts_1_5,Bollywood & Indian Music Enthusiasts,LI-Bollywood,,,732399,
29,Annual Revenue 100K-1M_2_Cadent,Busiensses with Annual Revenue $100K-1M,BS-AnnualRev$100k-$1M,,,752575,
30,Cannabis_Enthusiasts_1_5_Cadent,Cannabis Enthusiasts,IM-Cannabis,,,765832,
31,Military Active or Retired_1.25_Cadent,Career - Active or Retired Military,OC-Military,,,686842,
32,Occupation Bus-Truck Driver_.5_Cadent,Career - Bus or Truck Driver,OC-BusTrkDriver,,,754687,
33,Commerical Trucking/Drivers_2_Cadent,Career - Commerical Trucking/Drivers,OC-CommercialTrucker,,,627955,
34,Office Admin Corporate_1_Cadent,Career - Corporate Office Admin,OC-OfficeAdmin,,,752402,
35,Financer_0_Cadent,Career - Financer,OC-Financer,,,715996,
36,Financial Advisors_3.25_Cadent,Career - Financial Advisor,OC-FinAdv,,,766118,
37,Government Employees_2_Cadent,Career - Government Employees,OC-GovtEmp,,,690093,
38,Healthcare_and_Social_Worker_1.5_Cadent,Career - Healthcare or Social Worker,OC-HC&Social,,,686805,
39,High School Teachers_Counselors _1.5_Cadent,Career - High School Teacher,OC-HSTeacher,,,731333,
40,Identity Digital Occupation-CIOITManagers_2_Cadent,Career - IT Managers,OC-IT,,,751088,
41,Marketing Execs_1_Cadent,Career - Marketing Executives,OC-MktExec,,,686262,
42,Mary Kay Sellers _2.25_Cadent,Career - Mary Kay,OC-MarkKay,,,768585,
43,Occupation Mechanic_.6_Cadent,Career - Mechanic,OC-Mechanic,,,765629,
44,Nurses_Cadent_2,Career - Nurses,OC-Nurse,,,757721,
45,Nursing_Caregivers_2_Cadent,Career - Nursing Caregivers,OC-NursingCaregiver,,,686803,
46,Physicians_2_Cadent,Career - Physicians,OC-Physicians,,,686802,
47,Property_Maintenance_Manager_1_Cadent,Career - Property Maintenance Manager,OC-PropMaintMgr,,,629448,
48,Real Estate Agents or Brokers_1.5_Cadent,Career - Real Estate Agents or Brokers,OC-RealEstateAgent,,,730398,
49,Religious Leader_1_Cadent,Career - Religious Leader,OC-ReligiousLeader,,,730294,
50,Identity Digital SMBStartupEntrepreneur_2_Cadent,Career - SMB Startup & Entrepreneurs,OC-SMBStartup,,,751086,
51,Teachers_1.5_Cadent,Career - Teachers,OC-Teachers,,,690092,
52,Tech Professionals-Enthusiasts_2_Cadent,Career - Tech Professionals,OC-TechPro,,,686289,
53,Business_Decision_Makers_1_Cadent,Career Level - Business Decision Maker,OC-BusinessDec,,,629068,
54,C-Level Executives_2_Cadent,Career Level - C-Level Executives,OC-Clevel,,,690150,
55,Elderly Relative or Caregiver_1_Cadent,Caregiver or Has Elderly Relative,HC-Caregiver,,,731292,
56,Casual Restaurant Intenders_2.25_Cadent,Casual Restaurant Intenders,IM-Casual,,,694023,
57,Cat owner Cat Litter_1_Cadent,Cat Owner,LS-CatOwnr,,,717783,
58,Catholic_.75_Cadent,Catholic,DM-Catholic,,,627318,
59,Caucasian_.50_Cadent,Caucasian,DM-Cauc,,,629069,
60,Certified_Pre-Owned_Used_Car_Intender_2.25_Cadent,Certified Pre-Owned Used Car Intender,AT-Certified,,,692566,
61,,Charitable Donors,IM-Donor,,,,
62,Checking Account Intender_.95_Cadent,Checking Account Intender,FN-CheckingAccount,,,629107,
63,Chevy Owners_Intender_1.50_Cadent,Chevy Owners & Intenders,AT-Chevy,,,779718,
64,,Child in Household (Female),DM-CinHH(F),,,,
65,Male Child in HH_1.5_Cadent,Child in Household (Male),DM-CinHH(M),,,753133,
66,Children in HH_0_Cadent,Children In Household,DM-CinHH,,,629109,
67,Children in HH 0-3_1.5_Cadent,Children in Household (Ages 0-3),DM-CinHH(0-3),,,694056,
68,Children in HH 0-9_.75_Cadent,Children in Household (Ages 0-9),DM-CinHH(0-9),,,757915,
69,Children_in_HH_10-15_1_5,Children in Household (Ages 10-15),DM-CinHH(10-15),,,1115036,
70,Children in HH 13-17_1.5_Cadent,Children in Household (Ages 13-17),DM-CinHH(13-17),,,629539,
71,Children in HH 15-18_.6_Cadent,Children in Household (Ages 15-18),DM-CinHH(15-18),,,690091,
72,Children in HH 1-6_1_Cadent,Children in Household (Ages 1-6),DM-CinHH(1-6),,,688052,
73,Children in HH 3-14_.6_Cadent,Children in Household (Ages 3-14),DM-CinHH(3-14),,,1096553,
74,Parents of Children 5-11_.60_Cadent,Children in Household (Ages 5-11),DM-CinHH(5-11),,,688053,
75,Children in HH 5-15_.6_Cadent,Children in Household (Ages 5-15),DM-CinHH(5-15),,,1095835,
76,Children in HH 5-17_.60_Cadent,Children in Household (Ages 5-17),DM-CinHH(5-17),,,690095,
77,Children in HH 8-12 _1.5_Cadent,Children in Household (Ages 8-12),DM-CinHH(8-12),,,1140773,
78,Parents with Newborns Ages 0-2_1.5_Cadent ,Children in Household (Newborns Ages 0-2),DM-NewParent,,,695954,
79,,Children in Household (Teenagers),DM-Teens,,,,
80,Christians_1.5_Cadent,Christians,DM-Chriistain,,,628461,
81,Church_Goers_Religous_95_Cadent,Church Goers and Religious,LI-Church,,,686979,
82,Clothing_and_Fashion_Shoppers_Enthusiasts_1.75_Cadent,Clothing and Fashion Shoppers,IM-Shopping,,,762690,
83,College_Intender_1_5_Cadent,College Enrollment Intender,ED-CollegeEnrollInt,,,717949,
84,College Graduates_.50_Cadent,College Graduates,ED-ColGrad,,,629142,
85,College Student_1_Cadent,College Student,ED-ColStu,,,689394,
86,Commercially Insured_ 1.1_Cadent,Commercially Insured,BS-ComInsur,,,790255,
87,Cooks with Fresh or Quality Ingredients_.75_Cadent,Cooks with Fresh or Quality Ingredients,LI-Cooks,,,716428,
88,Cord Cutters_1.5_Cadent,Cord Cutters,LI-CordCutting,,,622715,
89,Cosmetic_Surgery_.95_Cadent,Cosmetic Surgery Intenders,HC-CosmeticSurgery,,,693120,
90,Costco Shopper_1.5_Cadent,Costco Shopper,GR-Costco,,,687675,
91,Mayonnaise Competitive Conquesting_.95_Cadent,CPG Competitive Conquesting,GR-CPG,,,694933,
92,Credit Card Holders_.75_Cadent,Credit Card Holders,FN-CCHolder,,,718014,
93,High Credit Score_1_Cadent,Credit Score - High,FN-CSHigh,,,686294,
94,Credit_Score_Over_550_1_Cadent,Credit Score 550+,FN-CS550+,,,692985,
95,Credit_Score_Over_650_1_Cadent,Credit Score 650+,FN-CS650+,,,766535,
96,Low Credit Score less than 649_.75_Cadent,Credit Score Less than 649,FN-CSLess649,,,607976,
97,Digital Banking_.75_Cadent,Digital Banking User,FN-DigiBanker,,,688056,
98,Discount Shopper_1.6_Cadent,Discount Shopper,IM-Discount,,,716323,
99,,Dog Owner,LS-DogOwnr,,,,
100,Do It Yourself_0_Cadent,Do-It-Yourselfer,LI-DIY,,,629296,
101,Domestic Auto Intender_0_Cadent,Domestic Auto Intender,AT-Domestic,,,686872,
102,Frequent_Domestic_Traveler_1.5_Cadent,Domestic Traveler,LS-Travel(Dom),,,1087860,
103,Early Tech Adopter_1_Cadent,Early Tech Adopter,LI-EarlyTech,,,715994,
104,Empty Nesters_1_Cadent,Empty Nesters,DM-EmptyNest,,,688057,
105,Energy_Efficient_Adults_1.7_Cadent,Energy Efficient Adults,LI-Energy,,,1096655,
106,Engaged_Married_.50_Cadent,Engaged,DM-Engaged,,,630052,
107,Environmentally Conscious_1_Cadent,Environmentally Conscious,LS-Enviroment,,,629310,
108,Event and Occasions Enthusiast Sports Music Food_1.6_Cadent,Event and Occasions Enthusiast (Sports,LI-Event,,,1113271,
109,,Expecting Parents,DM-Parent,,,,
110,Eye Exam_Eye Care Intender_2.25_Cadent,Eye Exam & Eye Care Intender,HC-EyeExam,,,763238,
111,Eye_Health_and_Glasses_1.5_Cadent ,Eye Health and Glasses Intender,HC-GlassesIntender,,,756285,
112,Intent Finance Insurance_0_Cadent,Financial Insurance Intender,FN-FinInsurance,,,686308,
113,Financial Interest_1_Cadent,Financial Interests,LI-Financial,,,629318,
114,Foodies_1.5_Cadent,Foodies,LI-Foodies,,,688618,
115,Good Feet Pain and Foot Pain_1.65_Cadent,Foot Pain,HC-FootPain,,,687159,
116,Ford_Lincoln_Auto_Intender_1.19_Cadent,Ford Lincoln Auto Intender,AT-FordL,,,693839,
117,Ford Owner_Intender_1.50_Cadent,Ford Owner or Intender,AT-Ford,,,779766,
118,Foreign Car Owners_1.5_Cadent,Foreign Car Owners,AT-Foreign,,,690322,
119,Frequent Domestic Traveler_1.25_Cadent,Frequent Domestic Traveler,LS-Travel(FreqDom),,,629321,
120,Frequent Drivers_1.5_Cadent,Frequent Drivers,AT-Frequent,,,772921,
121,Frequent_Healthcare_Intender_1_Cadent,Frequent Healthcare Intender,HC-FrequentHCInt.,,,715985,
122,Frequent International Travelers._1.5_Cadent,Frequent International Travelers,LS-Travel(Int),,,629322,
123,Frozen Food_.95_Cadent,Frozen Food Shopper,GR-Frozen,,,687942,
124,Funeral Planning_1_Cadent,Funeral Planning Intender,FN-FuneralPlan,,,689366,
125,Furniture_Intenders_1_5_Cadent,Furniture Intender,FU-FurnitureIntender,,,749874,
126,Next Home Sage - MRI Havertys_3.50_Cadent,Furniture Intender (Upgrade/Next Home Sage),FU-FurnitureUpgrade,,,1113308,
127,Gamblers_1_Cadent,Gamblers,LS-Gambler,,,629353,
128,Garden_Enthusiast_Intender_.75_Cadent,Garden Enthusiast & Intender,LS-Garden,,,695860,
129,Gift Givers_0_Cadent,Gift Givers,IM-Gift,,,731373,
130,Graduating_1.3_Cadent,Graduating,ED-Graduating,,,694825,
131,Grandparents_1.25_Cadent,Grandparents,DM-GParents,,,693689,
132,Grocery Shoppers_0_Cadent,Grocery Shoppers,GR-Shoppers,,,629354,
133,Grocery Shoppers Excluding Shop Rite_0_Cadent,Grocery Shoppers Excluding Shop Rite Stores,GR-ShoppersExSR,,,687933,
134,Halloween_Shoppers_Cadent_1.25_Cadent,Halloween Shoppers,GR-Halloween,,,753288,
135,Has Health Insurance_.75_Cadent,Has Health Insurance,HC-HasHCIns,,,686869,
136,Health Insurance Intenders_1.5_Cadent,Health Insurance Intenders,HC-HealthIns,,,689838,
137,Healthcare Decision Makers_1_Cadent,Healthcare Decision Makers,HC-DecMkrs,,,689837,
138,Healthcare Intender_0_Cadent,Healthcare Intender,HC-HealthcareInt,,,689392,
139,HEB Shoppers_1.5_Cadent,HEB Shoppers,GR-HEB,,,1093113,
140,High School Graduate_.50_Cadent,High School Graduate,ED-HSGRad,,,686295,
141,A65 and Over Highly Unlikely Medicare Holder_1.75_Cadent,Highly Unlikely Medicare Holder (A65+),HC-UlikelyMedicare,,,1090994,
142,Hispanic_1_Cadent,Hispanic,DM-Hisp,,,686297,
143,Holiday Shoppers_Enthusiasts_1.1_Cadent,Holiday Shoppers,IM-HolidayShprs,,,753296,
144,Home Age 10+ Years_1_Cadent,Home Age 10+ Years,DM-HomeAge10+,,,1158603,
145,House_Age_Over_20_Years_1.3_Cadent,Home Age 20+ Years,DM-HomeAge20+,,,,
146,Home Improvement_0_Cadent,Home Improvement,LI-HomeImprovement,,,686298,
147,Home Loan Intender_.75_Cadent,Home Loan Intender,FN-HomeLoan,,,1100492,
148,Home Renovators_2.25_Cadent,Home Renovators,LS-HomeRev,,,688243,
149,Home Renters_1.5_Cadent,Home Renters,DM-Renters,,,693121,
150,Home Value 100K-600K_.8_Cadent,Home Value $100K-$600K,DM-HV$100k-$600k,,,758669,
151,Home Value over 1MM_1_Cadent,Home Value $1MM+,DM-HV$1mm+,,,764198,
152,Home Value 200K-350K_.75_Cadent,Home Value $200K-$350K,DM-HV$200k-$350k,,,758662,
153,Home Value Greater Than 200k_.80_Cadent,Home Value $200K+,DM-HV$200k+,,,687017,
154,Home Value 250K-1M_.8_Cadent,Home Value $250K-$1M,DM-HV$250k-$1m,,,1093677,
155,Home Value 250K-600K_.8_Cadent,Home Value $250K-$600K,DM-HV$250k-$600k,,,771481,
156,Home Value 300K-500K_1_Cadent,Home Value $300K-$500K,DM-HV$300k-$500k,,,758660,
157,Home Value 400K-500K_1_Cadent,Home Value $400K-$500K,DM-HV$400k-$500k,,,758661,
158,Home Value 400K Plus_1_Cadent,Home Value $400K+,DM-HV$400k+,,,696859,
159,Home Value 700K Plus_1.5_Cadent,Home Value $700K+,DM-HV$700K+,,,696860,
160,Homeowners_0_Cadent,Homeowners,DM-Homeowner,,,686302,
161,Honda_Intender_1.19_Cadent,Honda Intender,AT-Honda,,,693840,
162,HHI over 200K_.60_Cadent,Household Income $200k+,FN-HHI$200k+,,,1098567,
163,HHI over 250K_.60_Cadent,Household Income $250k+,FN-HHI$250k+,,,1098568,
164,HHI 40K-70K_1_Cadent,Household Income $40k-$70k,FN-HHI$40k-$70k,,,755764,
165,HHI_55k_199K_1_5,Household Income $55k-$199k,FN-HHI$55k-$199k,,,1109724,
166,HHI_115K plus_1.1_Cadent,Household Income above $115k,DM-HHI$115k+,,,768257,
167,HHI over 150K_0_Cadent,Household Income above $150k,DM-HHI$150k+,,,686292,
168,HHI over 150K_1.5_Cadent,Household Income above $150k,DM-HHI$150k+,,,689298,
169,HHI over 75K_0_Cadent,Household Income above $75k,DM-HHI$75k+,,,686293,
170,HHI 100 to 150K_1_Cadent,Household Income between $100k-$150k,DM-HHI$100k-$150k,,,689297,
171,HHI 100 to 150K_0_Cadent,Household Income between $100k-$150k,DM-HHI$100-150k,,,686291,
172,HHI 100K-200K_1_Cadent,Household Income between $100k-$200k,DM-HHI$100k-$200k,,,755776,
173,125k-150k_HHI_.50_Cadent,Household Income between $125k-$150k,DM-HHI$125k-$150k,,,750462,
174,HHI_50K_to_75K_0_Cadent,Household Income between $50k-$75k,DM-HHI$50k-$75k,,,686301,
175,HHI 75K to 100K_0_Cadent,Household Income between $75k-$100k,DM-HHI$75k-$100k,,,686317,
176,HHI 75K-300K_1.5_Cadent,Household Income between $75k-$300k,DM-HHI$75k-$300k,,,771479,
177,HHI _90K TO_100K_.75_Cadent,Household Income between $90k-$100k,DM-HHI$90k-$100k,,,749849,
178,HHI Less Than 50k _0_Cadent,Household Income less than $50k,DM-HHI<$50k,,,686290,
179,HHI Under 25K_1.5_Cadent,Household Income Under $25k,FN-HHIUnder$25k,,,750162,
180,Import Auto Intender_0_Cadent,Import Auto Intender,AT-Import,,,686871,
181,In Market Car Parts_0_Cadent,In Market Car Parts,AT-CarPts,,,686866,
182,Contractors and Construction Companies_2_Cadent,In Market Contractors and Construction Companies,IM-Contractor,,,688245,
183,All_Inclusive_Caribbean_Travel_1_Cadent,In Market for All Inclusive Caribbean Travel,IM-CaribbeanTraveler,,,709490,
184,In Market for Alternatives to Cable TV_1.5_Cadent,In Market for Alternatives to Cable TV,IM-CableAlt,,,734546,
185,Likely_visitors_of_Aquariums_Zoos_or_Museums_1_15_Cadent,In Market for Aquariums,IM-Aquariums,,,770107,
186,In Market for Attorney_1.5_Cadent,In Market for Attorney,IM-Attorney,,,628372,
187,Bike_Intender_Enthusiast_1.5_Cadent,In Market for Bike,IM-Bike,,,695283,
188,Bathroom_Remodeling_1.5_Cadent,In Market for Contractor - Bathroom Remodeling,IM-Bathroom,,,759283,
189,Flooring_1_cadent,In Market for Contractor - Flooring,IM-Flooring,,,765325,
190,"In Market Heating, Cooling, Plumbing_2.25_Cadent",In Market for Contractor - Heating,IM-HVACPlumb,,,628373,
191,HVAC Intender_0_Cadent,In Market for Contractor - HVAC Intsall or Repair,IM-HVAC,,,686304,
192,In Market for Roofing_1_Cadent,In Market for Contractor - Roofing,IM-Roofing,,,628374,
193,"In Market Siding, Roofing, Painting_1.75_Cadent",In Market for Contractor - Siding,IM-SidRoofPaint,,,628370,
194,In Market for Window/Door_1.75_Cadent,In Market for Contractor - Window/Door,IM-Window/Door,,,628378,
195,Interest_in_Country-Western_Apparel_and_Shoes_1.5_Cadent,In Market for Country-Western Apparel and Shoes,IM-CountryApparel,,,754090,
196,In_Market_for_Diapers_1.65_Cadent,In Market for Diapers,GR-Diapers,,,732187,
197,Financial Retirement Estate Planning_1_Cadent,In Market for Financial Retirement Estate Planning,FN-IMforRetireEstate,,,741875,
198,Health_Wellness_Nutrition_0_Cadent,In Market for Health Wellness and Nutrition,IM-Gym,,,686300,
199,Home Decor_2.5_cadent,In Market for Home Decor,IM-HomeDec,,,735143,
200,Home Improvement_1.5_Cadent,In Market for Home Improvement Services,IM-Home,,,692603,
201,Home Security_2_Cadent,In Market for Home Security Services,IM-HomeSec,,,690088,
202,In Market for Landscaping_1.6_Cadent,In Market for Landscaping,IM-Landscaping,,,628371,
203,Legal_Services_1.6_Cadent,In Market for Legal Services,IM-Legal,,,688807,
204,Personal Injury_0_Cadent,In Market for Legal Services - Personal Injury,IM-PILaw,,,686847,
205,Interested in Live Music-Concerts_1.25_Cadent,In Market for Live Music-Concerts,IM-Live Event,,,768746,
206,In Market New Home_0_Cadent,In Market for New Home,IM-New Home,,,686306,
207,Nursing Care Facilities_2_Cadent,In Market for Nursing Care Facilities,HC-IMNursingFacility,,,687961,
208,Online Food Delivery Intenders_1.5_Cadent,In Market for Online Food Delivery,IM-OnlineFood,,,1097817,
209,Pest_and_Termite_Consultants_41753_0_Cadent,In Market for Pest and Termite Services,IM-PestTermite,,,1093205,
210,Pizza_Intenders_0_Cadent,In Market for Pizza,IM-Pizza,,,695917,
211,In Market for Pool/Spa_2_Cadent,In Market for Pool/Spa,IM-Pool/Spa,,,628377,
212,In Market for Power Tools_1.1_Cadent,In Market for Power Tools,IM-PowerTools,,,759284,
213,Interest_in_Real_Estate_1,In Market for Real Estate,IM-RealEstate,,,690174,
214,Retirement Home Intenders_.75_Cadent,In Market for Retirement Home,IM-Retirement,,,689848,
215,Shoe_Intender_1.5_Cadent,In Market for Shoes,IM-Shoe,,,717027,
216,Used Car_1_Cadent,In Market for Used Car,AT-IM-UC,,,686864,
217,In Market Luxury Auto_1.5_Cadent,In Market Luxury Auto Intenders,AT-IM-LAI,,,1087421,
218,In Market Primary Care Physician_1.25_Cadent,In Market Primary Care Physician,HC-IMPrimaryCare,,,687522,
219,Indian-South_Asian_Demographic_1.5_Cadent,Indian and South Asian,DM-IndianSAsian,,,732398,
220,Tenet Health - Ailment - Women's Services_Crossix_3_Cadent,Inetested in Women's Services (Tenet Health),HC-WomensSvcs,,,603787,
221,Interested in Business School MBA_.95_Cadent,In-Market for Business School/MBA,ED-IM-MBA,,,761749,
222,Interested_in_Refinancing_2_Cadent,In-Market for Refinancing,FN-IMforRefi,,,629057,
223,Sports And Energy Drinks_1.65_Cadent,In-Market for Sports and Energy Drinks,GR-EnergyDrinks,,,742960,
224,Family or Beach Vacation_1_Cadent,Interest Family or Beach Vacation,LS-Travel(Beach),,,694812,
225,Interest in Anime_1_Cadent,Interest in Anime,LI-Anime,,,688247,
226,Art_Crafts_Games_Cadent_0,Interest in Art & Crafts and Games,LI-ArtsCrafts,,,697429,
227,Arts Entertainment_0_Cadent,Interest in Arts & Entertainment,LS-Arts,,,628936,
228,Interest in Beauty_0_Cadent,Interest in Beauty,LI-Beauty,,,686309,
229,Interest_in_Coffee_1_Cadent,Interest in Coffee,LI-Coffee,,,686991,
230,Interest_in_Comedy_2_Cadent,Interest in Comedy,LI-Comedy,,,730532,
231,Interested in Corporate Events_.95_Cadent,Interest in Corporate Events,LI-CorpEvents,,,692511,
232,Interested_in_Education_1.5_Cadent,Interest in Education,ED-EduInterest,,,686313,
233,Eye Health_2_Cadent,Interest in Eye Health,HC-EyeHealth,,,607825,
234,Interest in Fashion and Jewelry_1_Cadent,Interest in Fashion and Jewelry,LI-FashionJewlry,,,716710,
235,Interest in fashion and shoes_1_Cadent,Interest in Fashion and Shoes,LI-FashionShoes,,,716711,
236,Interest_Finance_0_Cadent,Interest in Finance,LI-Finance,,,689262,
237,Fine Dining_1.5_Cadent,Interest in Fine Dining,LI-FineDining,,,758987,
238,Interested in Fishing_1_Cadent,Interest in Fishing,LI-Fishing,,,718045,
239,Fitness_GymGoer_0_Cadent,Interest in Fitness & Gym-Goer,LI-Fitness,,,694947,
240,Green Living_Eco Conscious_1.5_Cadent,Interest in Green Living or Eco Conscious,LI-GreenLiving,,,688598,
241,Higher Education_.50_Cadent,Interest in Higher Education,ED-Higher Education,,,686296,
242,Interested in Hispanic Food_1.50_Cadent,Interest in Hispanic Food,LI-HispanicFood,,,730397,
243,Interest in History_1.25_Cadent,Interest in History,LI-History,,,688401,
244,Horseback_Riding_1_Cadent,Interest in Horseback Riding,LI-HorsebackRiding,,,754205,
245,Interest_in_Hunting_1_Cadent,Interest in Hunting,LI-Hunting,,,731174,
246,Interested in Jewelry_0_Cadent,Interest in Jewelry,LI-Jewelry,,,686314,
247,Interested in Live Theater and Events_1_Cadent,Interest in Live Theater and Events,LI-LiveTheater+Events,,,686315,
248,Interest_in_Lottery_Lotto_Players_1.5,Interest in Lottery,LI-Lottery,,,1096430,
249,Interest in Makeup and Skincare_1.25_Cadent,Interest in Makeup and Skincare,LI-MakeupSkincare,,,1095707,
250,Adult Contemporary Jazz Pop Music Fans_1_Cadent,Interest in Music - Adult Contemporary Jazz Pop Music Fans,LI-Jazz,,,695863,
251,Country Music Fans_.75_Cadent,Interest in Music - Country,LI-Country,,,688055,
252,Indie or Alternative music fans_1.25_Cadent,Interest in Music - Indie or Alternative,LI-Indie,,,770596,
253,Rock_Music_Enthusiasts_1_Cadent,Interest in Music - Rock,LI-Rock,,,692725,
254,Interest in News_0_Cadent,Interest in News,LS-News,,,686310,
255,Interest in Photography_1_Cadent,Interest in Photography,LI-Photography,,,686311,
256,Rural_1_Cadent,Interest in Rural Community Life,LI-RuralCommunity,,,686856,
257,Small Biz B2B Loans and Banking Interest_2_Cadent,Interest in SMB Loans and Banking,BS-SMBBanking,,,1092931,
258,Interest_In_Social_Justice_and_Civic_Affairs_1_5,Interest in Social Justice and Civic Affairs,Li-SocialJustice,,,770780,
259,Interest in Space Science_1_Cadent,Interest in Space Science,LI-SpaceSci,,,695258,
260,Interest_in_Spirituality_1_Cadent,Interest in Spirituality,LI-Spirituality,,,1093204,
261,Interest_in_Surfing_1.5_Cadent,Interest in Surfing,LI-Surfing,,,693997,
262,Theater-Broadway_1.5_Cadent,Interest in Theater-Broadway,LI-Theater-Broadway,,,695290,
263,Weight_Loss_Diet_Clean_Eating_1.1_Cadent,Interest in Weight Loss,LI-Weight Loss,,,688051,
264,Wealth Affluent Investable Assets 10Mil plus_1.5_Cadent,Investable Assets $10MM+,FN-Assets$10M+,,,696122,
265,investable_assets_150K-1Mill_1_Cadent,Investable Assets $150k to $1MM,FN-Assets$150k to $1MM,,,695041,
266,Wealth_Affluent_Investable_Assets_1Mil_1_5_Cadent,Investable Assets $1MM+,FN-Assets$1MM+,,,1101679,
267,Wealth Investable Assets Investable Assets 5000000 9999999_1.5_Cadent,Investable Assets $5MM-$10MM,FN-Assets$5MM-$10MM,,,628422,
268,Identity Digital Affinity-InvestingBizTechBlog_1_Cadent,Investing and Business Technology Blogging,LI-InvestingBlog,,,751089,
269,Jewish_1.5_Cadent,Jewish,DM-Jewish,,,628794,
270,Job_Switchers_Seekers_1_Cadent,Job Search - Job Seekers,OC-Seekers,,,692709,
271,Job Switchers_0_Cadent,Job Search - Job Switchers,OC-Job,,,686316,
272,In_Market_for_Recruiting_Services_2_Cadent,Job Search - Recruiting Services,OC-IMRecruiting,,,692980,
273,Unemployed_1.5_Cadent,Job Search - Unemployed,OC-Unemployed,,,695285,
274,Kia Telluride Intender_1_Cadent,Kia Telluride Intender,AT-Kia,,,1089416,
275,Korean_1.3_Cadent,Korean,DM-Korean,,,763308,
276,Kroger Shoppers_1.5_Cadent,Kroger Shoppers,GR-Kroger,,,696320,
277,Farmers Landowners_1.6_Cadent,Landowners,DM-Landowner,,,629312,
278,LGBTQ_Supporters_1.65_Cadent,LGBTQ+ Supporter,DM-LGBTQ+,,,630051,
279,Life_Insurance_Intenders_1.6_Cadent,Life Insurance Intenders,FN-LifeInsurance,,,762582,
280,Tenet Health - Ailment - Bariatrics_Crossix_2_Cadent,Likely Ailment related to Bariatrics,HC-Bariatrics,,,603786,
281,Tenet Health - Ailment - Cardiology_Crossix_2_Cadent,Likely Ailment related to Cardiology,HC-Cardiology,,,603783,
282,Tenet Health - Ailment - Mammography_Crossix_2_Cadent,Likely Ailment related to Mammography,HC-Mammography,,,603785,
283,Tenet Health Crossix Neurology_1.5_Cadent,Likely Ailment related to Neurology,HC-Neurology,,,607015,
284,Tenet Health - Ailment - Ortho_Crossix_2_Cadent,Likely Ailment related to Ortho,HC-Orthopedics,,,603784,
285,Likely Corporate Partnership Donors_.75_Cadent,Likely Corporate Partnership Donor,BS-CorpDonor,,,755283,
286,Avera Health_Crossix Breast Cancer_ 3_Cadent,Likely Diagnosis of Breast Cancer (Avera Health),HC-BreastCancer(A),,,1093116,
287,CTCA_Crossix-Breast Cancer V.2_3_Cadent,Likely Diagnosis of Breast Cancer (CTCA),HC-BreastCancer(C),,,593737,
288,Likely Diagnosis Cancer_3_Cadent,Likely Diagnosis of Cancer,HC-LikelyCancer,,,733778,
289,Avera Health_Crossix Likely Diagnosis Cancer_3_Cadent,Likely Diagnosis of Cancer (Avera Health),HC-LikelyCancer(A),,,1093115,
290,Chronic_Illness_2_5_Cadent,Likely Diagnosis of Chronic Illness,HC-ChronicIllness,,,750458,
291,Avera Health_Crossix Colon Issues Cancer_3_Cadent,Likely Diagnosis of Colon Issues or Cancer (Avera Health),HC-Colon,,,1093117,
292,Drug or Alcohol Addiction_3_Cadent,Likely Diagnosis of Drug or Alcohol Addiction,HC-Addiction,,,852170,
293,Heart Complications_1.75_Cadent,Likely Diagnosis of Heart Complications,HC-HeartDiagnosis,,,718044,
294,Hip and Knee Pain_2_Cadent,Likely Diagnosis of Hip and Knee Pain,HC-HipKneePain,,,693712,
295,Mental Health Issues_1.75_Cadent,Likely Diagnosis of Mental Health Issues,HC-MentalHealth,,,753713,
296,Respiratory Issues_2.5_Cadent,Likely Diagnosis of Respiratory Issues,HC-RespirotyDiag,,,731832,
297,Sleep_Disorders_2_Cadent,Likely Diagnosis of Sleep Disorder,HC-SleepDisorder,,,771840,
298,MD_Crossix_Likely_Relevance_Lung_Cancer_3_Cadent,Likely Lung Cancer Diagnosis (Crossix),HC-LikelyLungCancel(C),,,1101690,
299,Likely to Switch Credit Cards_1.25_Cadent,Likely to Switch Credit Cards,FN-CCSwitchers,,,765647,
300,Likely Voter_0_Cadent_POLITICAL ONLY,Likely Voter,PL-Voter,,,686840,
301,Democrats_0_Cadent_POLITICAL ONLY,Likely Voter - Democrat,PL-Dem,,,629281,
302,Independent Political_0_Cadent_POLITICAL ONLY,Likely Voter - Democrat/Independent,PL-Ind,,,686305,
303,,Likely Voter - Hispanic,LS-HispVoter,,,,
304,Republican_0_Cadent_POLITICAL ONLY,Likely Voter - Republican,PL-Rep,,,686853,
305,Loan Intender_1_Cadent,Loan Intender,FN-LoanIntender,,,694826,
306,Luxury Auto Intender_0_Cadent,Luxury Auto Intender,AT-Luxury,,,686873,
307,Luxury_Shoppers_2.25_Cadent,Luxury Shoppers,IM-Luxury,,,753835,
308,Luxury Travelers_1.5_Cadent,Luxury Traveler,LS-Travel(Lux),,,763704,
309,Married_.50_Cadent,Married,DM-Mar,,,686841,
310,Mattress_Intenders_1_Cadent,Mattress Intenders,FU-Mattress,,,731326,
311,Medicaid NY and CO_1_Cadent,Medicaid NY and CO,HC-Medicaid,,,596903,
312,Medicare_2_Cadent,Medicare,HC-Medicare,,,600828,
313,Meijer Shoppers_1.5_Cadent,Meijer Shoppers,GR-Meijer,,,696319,
314,Memorial_Day_and_4th_of_July_Shoppers_1.5_Cadent,Memorial Day and 4th of July Shoppers,IM-Memorial4thsprs,,,773226,
315,Mobile Gamers_1.5_Cadent,Mobile Gamers,LI-MobileGamers,,,734563,
316,Moms_50_Cadent,Moms,DM-Moms,,,686843,
317,Mortgage_Intender_1.5_Cadent,Mortgage Intender,FN-MortgageIntender,,,772940,
318,Motorcycle Intenders_0_Cadent,Motorcycle Intenders,AT-Motorcyce,,,686844,
319,Movie Enthusiasts_.75_Cadent,Movie Enthusiasts,LI-Movie,,,629154,
320,Museums Visitors_1_Cadent,Museum Visitors,LI-MuseumVisit,,,695581,
321,Music Fans_1_Cadent,Music Fans,LI-Music,,,688058,
322,Needs_Dentures_1.50_Cadent,Needs Dentures,HC-NeedsDentures,,,763876,
323,Net Worth 1MM plus_1.5_Cadent,Net Worth $1MM+,FN-NetWorth$1MM+,,,686845,
324,Net_Worth_250k_plus_1_Cadent,Net Worth $250k+,FN-NetWorth$250k+,,,765181,
325,500Kplus_Net Worth_1_Cadent,Net Worth $500k+,FN-NetWorth$500k+,,,694048,
326,Adstra Wealth Net Worth Range 5000000 plus_1.5_Cadent,Net Worth $5MM+,FN-NetWorth$5MM+,,,628429,
327,New Homebuyer_Refinance_1.5_Cadent,New Homebuyer or Refinance,FN-NewHomeBuyerorRefi,,,628379,
328,Identity Digital Occupation-ArtistsBlogFreelanceAgcy_2_Cadent,Occupation in Art,OC-Artists,,,751087,
329,Occupation C-Level Radiologist Oncologist Healthcare_3.25_Cadent,Occupation in C-Level Radiologist Oncologist Healthcare,OC-ClevelRadiologist,,,687976,
330,Community Activist Charity Volunteer _1.25_Cadent,Occupation in Community Activist or Charity Volunteer,OC-Volunteer,,,629144,
331,Event Planning Cadent_.95_Cadent,Occupation in Event Planning,OC-EventPlanner,,,686452,
332,Health Care Professionals_1.5_Cadent,Occupation in Healthcare & Related Professional Services,OC-HCProf,,,686270,
333,Occupation Higher Education Administration_2.5_Cadent,Occupation in Higher Education Administration,OC-HighEdAdmin,,,1098684,
334,Hospitality_Restaurant_Industry_1_5,Occupation in Hospitality & Restaurants,OC-Hospitality,,,770821,
335,Works for Non-Profit_1.50_Cadent,Occupation in Non-Profit,OC-Non-Profit,,,761199,
336,Oil_and_Gas_Employees_2,Occupation in Oil and Gas,OC-OilGas,,,1106219,
337,Works in Schools_1.5_Cadent,Occupation in Schools,OC-Schools,,,730412,
338,Occupation STEM_1.5_Cadent,Occupation in Science,OC-STEM,,,696397,
339,On_Your_Feet_Occupations_Good_Feet_1.5_Cadent,Occupation on Feet,OC-OnFeet,,,687160,
340,Blue Collar Workers_0_Cadent,Occupation Type - Blue Collar Workers,OC-Blue Collar,,,689264,
341,Commuter_1_Cadent,Occupation Type - Commuter,OC-Commuter,,,690143,
342,Entrepreneurs_2_Cadent,Occupation Type - Entrepreneur,OC-Entrepreneurs,,,762267,
343,Full Time Employee_1_Cadent,Occupation Type - Full Time Employee,OC-FTE,,,629324,
344,Retired_.75_Cadent,Occupation Type - Retired,OC-Retired,,,686855,
345,Small_business_owners_2_Cadent,Occupation Type - Small Business Owners/Decision Makers,OC-SmallBizOwr,,,688746,
346,Veterans_Retired Military_1.25_Cadent,Occupation Type - Veterans (Retired Military),OC-Veteran,,,734672,
347,Works from Home_1.5_Cadent,Occupation Type - Works from Home,OC-WFH,,,733660,
348,Online Grocery Shoppers_1.5_Cadent,Online Grocery Shoppers,GR-Online,,,696586,
349,Online Shoppers_1.5_Cadent,Online Shoppers,IM-Online,,,764753,
350,Outdoor Enthusiasts_1.6_Cadent,Outdoor Enthusiast,LS-Outdoor,,,686846,
351,Owns 1 or more Acres of Land_1_Cadent,Owns 1+ Acres of Land,DM-1+Acres,,,693683,
352,Owns 5 or more acres of land_1_Cadent,Owns 5+ Acres of Land,DM-5+Acres,,,770573,
353,Pacific Islander_1_5_Cadent,Pacific Islander,DM-PacificIslander,,,749855,
354,Pet Owners_0_Cadent,Pet Owners,DM-PetOwnrs,,,686848,
355,Political Influencer Decision Maker_1_Cadent,Political influence/decision maker,PL-PoliticalInf,,,686849,
356,Pool Owners_1_Cadent,Pool Owners,DM-PoolOwnr,,,761660,
357,PPO Health Insurance Holders_1.1_Cadent,PPO Health Insurance Holders,HC-PPOHolders,,,695613,
358,Pregnant Women_1.25_Cadent,Pregnant Women,HC-Pregnant,,,688059,
359,QSR Intenders_0_Cadent,QSR Intenders,IM-QSR,,,686850,
360,Qualified_for_Medicaid__75_Cadent,Qualified for Medicaid,HC-QualifiedMCaid,,,757574,
361,CTCA_Crossix_Oncology_Deciles1 2_Cadent_3.0,Receiving Oncology Treatment (CTCA),HC-Oncology,,,629455,
362,Recently_Engaged_Married_0_Cadent,Recently Married,DM-RecentlyMarried,,,686851,
363,Recently Moved_0_Cadent,Recently Moved,DM-Mover,,,686852,
364,Refinance_1_Cadent ,Refinance,FN-RefiIntender,,,694932,
365,Retail_Furniture_shoppers_1_Cadent,Retail Furniture Shoppers,FU-FurnitureRetailShpr,,,731325,
366,Mattress_retail_shoppers_1_Cadent,Retail Mattress Shoppers,FU-RetailMattress,,,732246,
367,Retail Shoppers_0_Cadent,Retail Shoppers,LI-RetailSprs,,,686854,
368,,Retargeting,Retargeting,,,,
369,Running_Enthusiasts_1_5_Cadent,Running Enthusiasts,LI-Running,,,693641,
370,RV_Auto_Home_Intrest_1.19_Cadent,RV & Auto Home Enthusiasts,LI-RV,,,693615,
371,Seafood_lovers_0_95_Cadent,Seafood Lovers,LI-Seafood,,,692435,
372,Sedan Intenders_1_Cadent,Sedan Intenders,AT-Sedan,,,686857,
373,Seeking Auto Insurance_1_Cadent,Seeking Auto Insurance,AT-SkgIns,,,688812,
374,Seeking_Auto_Parts_Service_0_Cadent,Seeking Auto Parts or Service,AT-Pts&Sv,,,694805,
375,Shops at Home Depot-Lowes_1.25_Cadent,Shops at Home Depot or Lowes,LI-Shops,,,768747,
376,Single Parents_.50_Cadent,Single Parents,DM-Single Parents,,,688054,
377,Sitcom_Enthusiasts_225_Cadent,Sitcom Enthusiasts,LI-Sitcom,,,1103306,
378,Skiers_1_Cadent,Skiers,LI-Skiers,,,686858,
379,Smokers_1.5_Cadent,Smokers,HC-Smokers,,,693621,
380,Some College_1.5_Cadent,Some College,ED-SomeCol,,,735285,
381,Some College or Bachelors Degree_1_Cadent,Some College or Bachelors Degree,ED-SomeColorBDegree,,,686859,
382,Some_High_School_No_HS_Diploma_1.5_Cadent,Some High School (No HS Diploma),ED-SomeHS,,,770822,
383,Interest in Sports_0_Cadent,Sports Fans,LS-Sports,,,686312,
384,Baseball Fans_1_Cadent,Sports Fans - Baseball Fans,LI-Baseball,,,696735,
385,Football Fans_1_Cadent,Sports Fans - Football,LI-Football,,,694175,
386,Golf Enthusiasts_1_Cadent,Sports Fans - Golf Enthusiasts,LI-Golf,,,694290,
387,Motor_Sports_1.6_Cadent,Sports Fans - Motor Sports,LI-MotorSports,,,690388,
388,NCAA_Basketball_Fans_1.5_Cadent,Sports Fans - NCAA Basketabll,LI-NCAABasketball,,,694146,
389,Soccer Fans_1.6_Cadent,Sports Fans - Soccer,LI-Soccer,,,696648,
390,Water Sports Enthusiasts_0_Cadent,Sports Fans - Water Sports,LS-Watersport,,,686865,
391,Stroke_Survivor_1.75_Cadent,Stroke Survivor,HC-StrokeSurvivor,,,1101073,
392,Subaru Forester Intender_1_Cadent,Subaru Forester Intender,AT-Subaru,,,1089419,
393,SUV Intenders_1_Cadent,SUV Intenders,AT-SUV,,,686860,
394,Target Shoppers_1.5_Cadent,Target Shoppers,GR-Target,,,764033,
395,Theme_Park_Enthusiast_1.5_Cadent,Theme Park Enthusiast,LS-Theme Park,,,686862,
396,Tourists_1.5_Cadent,Tourists,LS-Travel(Tourist,,,750910,
397,Toyota Camry Intender_1_Cadent,Toyota Camry Intender,AT-ToyCam,,,1089494,
398,Toyota Highlander Intender_1_Cadent,Toyota Highlander Intender,AT-ToyHigh,,,1089417,
399,Toyota RAV4 Intender_1_Cadent,Toyota RAV4 Intender,AT-ToyRav4,,,1089418,
400,Truck Intenders_1_Cadent,Truck Intenders,AT-Truck,,,686863,
401,Truck Owner_1_Cadent,Truck Owner,AT-TruckOwnr,,,686879,
402,TV Viewers_1_Cadent,TV Viewers,LI-TV,,,742100,
403,Interest_in_Horror_Programming_225_Cadent,TV Viewers - Horror Programming,LI-TVHorror,,,730534,
404,TV Viewers_Westerns_Action_Adventure_Classics_2_Cadent,TV Viewers - Westerns,LI-TVWestern,,,742102,
405,Video_Games_Gamer_1_Cadent,Video Game Enthusiast (Gamer),LI-VideoGamers,,,689395,
406,Walmart Shoppers_1.5_Cadent,Walmart Shoppers,GR-Walmart,,,734616,
407,Wedding Planning_1_Cadent,Wedding Planning,LI-Wedding,,,696795,
408,Weekend Warrior_1.50_Cadent,Weekend Warrior,LI-WW,,,690223,
409,Wine_Enthusiasts_.75_Cadent,Wine Enthusiast,LI-Wine,,,690146,
410,Winter activity enthusiast_.95_cadent,Winter Activity Enthusiast,LI-Winter,,,690222,
411,Womens Health_1_Cadent,Womens Health,HC-WomensHealth,,,750040,